{
    "builders": [{
    "type": "amazon-ebs",
    "region": "us-east-1",
    "instance_type": "t2.micro",
    "source_ami_filter": {
    "filters": {
    "virtualization-type": "hvm",
    "name": "CentOS Linux 7 x86_64 HVM EBS ENA 1901_01-b7ee8a69-ee97-4a49-9e68-afaee216db2e-*",
    "root-device-type": "ebs"
    },
    "owners": ["679593333241"],
    "most_recent": true
    },
    "ssh_username": "centos",
    "ssh_keypair_name": "Bastion_key",
    "ssh_private_key_file": "/home/ec2-user/.ssh/id_rsa",
    "ami_name": "artemisv1-{{timestamp}}"
    }],
    "provisioners": [
    {
    "type": "shell",
    "inline": [
    "sudo yum install git -y",
    "sudo yum install epel-release -y",
    "sudo yum install python-pip -y",
    "sudo git clone --single-branch --branch version/0.10 https://github.com/farrukh90/artemis.git /artemis",
    "sudo pip install flask",
    "sudo pip install --upgrade pip",
    "sudo cp -r /artemis/artemis.service /etc/systemd/system/",
    "sudo systemctl daemon-reload",
    "sudo systemctl start artemis",
    "sudo systemctl enable artemis"
    ]
    },
    {
    "type": "breakpoint",
    "note": "Wait for you to delete"
    }
    ]
    }
    