
{
    "builders": [{
        "type": "amazon-ebs",
        "region": "us-east-1",
        "source_ami": "ami-02eac2c0129f6376b",
        "instance_type": "t2.micro",
        "ssh_username": "centos",
        "ssh_keypair_name": "Bastion_key",
        "ssh_private_key_file": "/home/ec2-user/.ssh/id_rsa",
        "ami_name": "packer-breakpoint {{timestamp}}"
        }
      ],
    "provisioners": [{
        
      "type": "shell",
         "inline":[
            "sudo yum install telnet -y"
           ]
         },
      {
        "type": "breakpoint",
        "note": "Wait for you to delete"
      }
   ]
}
