{
    "builders": [{
      "type": "amazon-ebs",
      "region": "{{user `region`}}",
      "source_ami": "ami-02eac2c0129f6376b",
      "instance_type": "t2.micro",
      "ssh_username": "centos",
      "ami_name": "jenkins {{timestamp}}"
    }],
    "provisioners": [{
      "type": "file",
         "source": "welcome.txt",
          "destination": "/tmp/"
           },
        {
      "type": "shell",
         "inline":[
            "sudo yum install wget -y",
            "sudo wget -O /etc/yum.repos.d/jenkins.repo https://pkg.jenkins.io/redhat-stable/jenkins.repo",
            "sudo rpm --import https://pkg.jenkins.io/redhat-stable/jenkins.io.key",
            "sudo yum install   jenkins-{{user `jenkins_version`}} -y",
            "sudo yum install   java-{{user `java_version`}}-openjdk-devel -y",
            "sudo systemctl start jenkins",
            "sudo systemctl status jenkins"
           ]
         },
      {
      "type": "shell",
          "script": "script.sh"
          }
       ]
}
  