{
    "_comment": "The line below installs R1soft agent",
    "builders": [{
      "type": "amazon-ebs",
      "region": "us-east-1",
      "source_ami": "ami-02eac2c0129f6376b",
      "instance_type": "t2.micro",
      "ssh_username": "centos",
      "ami_name": "r1soft {{timestamp}}"
    }],
    "_comment": "The line below installs provisioner",
    "provisioners": [{
      "type": "file",
         "source": "r1soft.repo",
          "destination": "/tmp/"
           },
           {
            "type": "breakpoint",
            "note": "Wait for you to delete"
          },
        {
      "type": "shell",
         "inline":[
            "sudo yum update -y",
            "sudo mv  /tmp/r1soft.repo  /etc/yum.repos.d/",
            "sudo yum install r1soft-cdp-enterprise-server -y",
            "sudo r1soft-setup --user admin --pass  redhat   --http-port 8080",
            "sudo systemctl restart cdp-server",
            "sudo systemctl enable cdp-server"
           ]
         },
         {
            "type": "breakpoint",
            "note": "Wait for you to delete"
          },
      {
      "type": "shell",
          "script": "script.sh"
          },
          {
            "type": "breakpoint",
            "note": "Wait for you to delete"
          }
       ]
}
  